{"cameraMode":{"drawMode":0,"name":"Shaded","section":"Shading Mode"},"sceneLighting":true,"audioPlay":false,"sceneViewState":{"showFog":true,"showMaterialUpdate":false,"showSkybox":true,"showFlares":true,"showImageEffects":true,"showParticleSystems":true},"in2DMode":false,"pivot":{"x":0.10177040100097656,"y":0.19457149505615235,"z":5.166834354400635},"rotation":{"x":-0.11676127463579178,"y":0.8008015751838684,"z":-0.1659269481897354,"w":-0.5635174512863159},"size":20.005186080932618,"orthographic":false}